{"data":{"wpPage":{"id":"cG9zdDo4","menuSides":{"side1":"Sauteed Asparagus","side1Desc":"in brown butter","side2":"Brussel Sprouts ","side2Desc":"with bacon, caramelized onions, and balsamic reduction","side3":"Whipped Potatoes ","side3Desc":"with truffle oil and shaved parmesan","side4":"Heirloom Baby Carrots","side4Desc":"with orange zest reduction","side5":"Fresh herb Creamy Risotto","side5Desc":"with shaved parmesan","side6":"Truffle Fries","side6Desc":"with shaved parmesan served with lemon-herb aioli","side7":"Triple Cheese Baked Mac and Cheese","side7Desc":"topped with crispy panko topping","side8":"Baked Potato","side8Desc":"with butter and sour cream","side9":"Side Salad","side9Desc":"cucumber, Roma tomatoes, red onions, shredded cheese blend, croutons over mixed greens choice of dressing","side10":"Caesar salad","side10Desc":"with parmesan tuile","side11":"Sauteed Cremini Mushrooms","side11Desc":"in garlic butter"}}}}