{"data":{"wpPage":{"menuEntrees":{"entreeItem1":"Third Avenue Burger ","entreeItem1Desc":"Char grilled Wagyu Beef burger topped with sharp white cheddar cheese, mushroom ragu, caramelized onions, and applewood bacon served on a toasted brioche bun - served with your choice of one side (18)","entreeItem2":"Prime Rib ","entreeItem2Desc":"Stone ground mustard & rosemary encrusted slow oven roasted served with Au Jus & whipped horseradish - served with your choice of two sides (36)","entreeItem3":"Pan Seared Jumbo Sea Scallops","item3Desc":"With roasted red pepper coulis - served with your choice of two sides (36)","entreeItem4":"Ribeye","entreeItem4Desc":"16oz char-grilled angus hand cut Ribeye seasoned with smoked sea salt & cracked black pepper choice of two sides (40)","entreeItem5":"8 Ounce Filet Mignon","entreeItem5Desc":"Pan seared and butter infused, served with classic bearnaise sauce - served with your choice of two sides (40)","entreeItem6":"Seafood Ala Vodka","entreeItem6Desc":"Lump crab, tiger shrimp & jumbo sea scallops, finished with a plum tomato cream sauce with caramelized onions, shaved parmesan, and Fettuccini pasta (38)","entreeItem7":"Atlantic Salmon Filet","entreeItem7Desc":"Braised in house spices and topped with butter sauce - served with your choice of two sides (36)","entreeItem8":"Chilean Sea Bass","entreeItem8Desc":"Served on a bed of micro greens & herb vinaigrette, topped with lemon dill Beurre Blanc - served with your choice of two sides (42)","entreeItem9":"Classic Chicken Marsala ","entreeItem9Desc":"Served with shitake mushrooms, shaved garlic & Marsala wine sauce - served with your choice of one side (28)","entreeItem10":"Crispy Fried Chicken","entreeItem10Desc":"Buttermilk herb floured fried chicken breasts with homemade gravy served with your choice of two sides (20)","entreeItem11":"Prime Rib Sandwhich","entreeItem11Desc":"Grilled prime rib with caramelized onions, horseradish dill sour cream, on a grilled hoagie bun + au jus served with your choice of one side (18)","entreeItem12":"6oz Filet Beef Tips - served in merlot demi glace   ","entreeItem12Desc":"Served with your choice of 2 sides (28)","entreeItem13":"Roma Chicken Alfredo","entreeItem13Desc":"Stuffed chicken breast fillet with sundried tomatoes, roasted garlic, fresh basil, olive oil, and fettuccine alfredo (28)"},"menuSteakToppers":{"steakTopper1":"Compound Herb Butter (2)","steakTopper2":"Sauteed Crab (10)","steakTopper3":"Shrimp (10)","steakTopper4":"Mushroom Ragu (4)","steakTopper5":"Merlot Demi-glace (2)","steakTopper6":"Blue Cheese (3)","steakTopper7":"Mushrooms & Onions (3)","steakTopper8":"Scallops (12)"}}}}