{"data":{"wpPage":{"id":"cG9zdDo4","menuSides":{"side1":"Sauteed Asparagus","side1Desc":"in brown butter","side2":"Brussel Sprouts ","side2Desc":"with bacon, caramelized onions, and balsamic reduction","side3":"Whipped Potatoes ","side3Desc":"with truffle oil and shaved parmesan","side4":"Heirloom Baby Carrots","side4Desc":"with orange zest reduction","side5":"Fresh herb Creamy Risotto","side5Desc":"with shaved parmesan","side6":"Hand-cut Truffle Fries","side6Desc":" with shaved parmesan","side7":"Baked Mac and Cheese","side7Desc":"basted in herb-garlic butter & topped with toasted panko breadcrumbs"}}}}