{"data":{"wpPage":{"menuBrunch":{"brunchItem1test":"Brunch Item 1","brunchDesc1":"Brunch Item Description","brunchItem2":"Brunch Item 2","brunchDesc2":"Brunch Item 2 Description","brunchItem3":"Brunch Item 3","brunchDesc3":"Brunch Item 3 Description"},"menuSteakToppers":{"steakTopper1":"Compound Herb Butter (3)","steakTopper2":"Bearnaise Sauce (3)","steakTopper3":"Oscar Style (8)","steakTopper4":"Mushroom Ragu (4)","steakTopper5":"Merlot Demi-glace (4)","steakTopper6":"Toasted Blue Cheese (3)","steakTopper7":"Grilled Tiger Shrimp (10)","steakTopper8":"Seared Sea Scallops (12)"}}}}