{"data":{"wpPage":{"menuEntrees":{"entreeItem1":"Third Avenue Burger","entreeItem1Desc":"blank","entreeItem2":"Prime Rib ","entreeItem2Desc":"stone ground mustard & rosemary encrusted, slow oven roasted, served with au jus and horseradish whipped cream","entreeItem3":"10-oz Center Cut NY Strip Steak ","item3Desc":"with a Merlot demi-glaze ","entreeItem4":"12-oz Bone-in Ribeye","entreeItem4Desc":"seasoned with smoked sea salt & cracked black pepper, topped with herb compound butter","entreeItem5":"8-oz Filet Mignon ","entreeItem5Desc":"pan seared and butter infused, served with classic beamaise sauce","entreeItem6":"Seafood Ala Vode","entreeItem6Desc":"lump crab, tiger shrimp & jumbo sea scallops, finished with plum tomato cream sauce with caramelized onion, shaved parmesan and fettuccine pasta","entreeItem7":"Atlantic Salmon Filet","entreeItem7Desc":"braised in Kentucky Bourbon & brown sugar glaze","entreeItem8":"Chilean Sea Bass","entreeItem8Desc":"served on a bed of micro greens & herb vinaigrette, topped with lemon dill Beaume Blanc","entreeItem9":"Classic Chicken Marsala ","entreeItem9Desc":"served with shitake mushrooms, shaved garlic & Marsala wine sauce"},"menuSteakToppers":{"steakTopper1":"Compound Herb Butter","steakTopper2":"Beamaise Sauce ","steakTopper3":"Oscar Style","steakTopper4":"Mushroom Ragu","steakTopper5":"Merlot Demi-Glaze","steakTopper6":"Toasted Blue Cheese"}}}}