{"data":{"wpPage":{"menuApp":{"item1":"Panko Encrusted Norwegian Crab Cakes ","item1Desc":"with roasted red pepper tarragon cream reduction","item2":"Jumbo, Poached Shrimp Cocktail","item2Desc":" with cocktail sauce","item3":"Cremini-Boursin Cheese Stuffed Mushrooms","item3Desc1":"basted in herb-garlic butter & topped with toasted panko breadcrumbs","item4":"Stone Ground Mustard & Rosemary Encrusted Prime Rib Sliders","item4Desc":"topped with caramelized candy onion & mushroom Ragu  served on toasted mini brioche buns served with au jus","item5":"Hand-cut Truffle Fries","item5Desc":"with shaved parmesan served with lemon-herb aioli","item6":"Baby Spinach-Artichoke Heart Dip","item6Desc":" accompanied with fried pita chips","item7":"Pan Seared Jumbo Sea Scallops","item7Desc":" with roasted red pepper coulis","item8":"Cheese Board","item8Desc":"Assorted cheeses, fruits, nuts, and crackers","item9":"Loaded Potato Slices","item9Desc":"Deep fried potato rounds topped with Boursin cheese reduction, roasted garlic,  topped with green onions, applewood bacon and shaved parmesan","item10":"Cheese Fondue","item10Desc":"Served with assorted breads, vegetables, and chef’s choice"}}}}