{"data":{"wpPage":{"menuEntrees":{"entreeItem1":"Third Avenue Burger","entreeItem1Desc":"Char grilled all beef patty topped with sharp cheddar cheese, mushroom Ragu, caramelized onions, applewood bacon, Roma tomatoes and romaine leaf lettuce  served on a toasted brioche bun accompanied with garlic aioli","entreeItem2":"Prime Rib ","entreeItem2Desc":"Stone ground mustard & rosemary encrusted slow oven roasted served with Au Jus ","entreeItem3":"10 Ounce Center Cut NY Strip Steak","item3Desc":" with Merlot Wine Demi-glace","entreeItem4":"16 Ounce Bone in Ribeye","entreeItem4Desc":"seasoned with smoked sea salt & cracked black pepper topped with herb compound butter","entreeItem5":"8 Ounce Filet Mignon","entreeItem5Desc":"Pan seared and butter infused, served with classic bearnaise sauce","entreeItem6":"Seafood Ala Vodka","entreeItem6Desc":"Lump crab tiger shrimp & jumbo sea scallops, finished with a plum tomato cream sauce with caramelized onions, shaved parmesan, and Fettuccini pasta","entreeItem7":"Atlantic Salmon Filet","entreeItem7Desc":"Seasoned in house spices braised and finished in brown sugar butter glaze","entreeItem8":"Chilean Sea Bass","entreeItem8Desc":"Served on a bed of micro greens & herb vinaigrette, topped with lemon dill Beurre Blanc","entreeItem9":"Classic Chicken Marsala ","entreeItem9Desc":"served with shitake mushrooms, shaved garlic & Marsala wine sauce"},"menuSteakToppers":{"steakTopper1":"Compound Herb Butter","steakTopper2":"Bearnaise Sauce","steakTopper3":"Oscar Style","steakTopper4":"Mushroom Ragu","steakTopper5":"Merlot Demi-glace","steakTopper6":"Toasted Blue Cheese","steakTopper7":"Grilled Tiger Shrimp","steakTopper8":"Seared Sea Scallops"}}}}