{"data":{"wpPage":{"menuBrunch":{"brunchItem1test":"CHICKEN & WAFFLES","brunchDesc1":"buttermilk & herb southern fried chicken breast + Belgian waffle served with butter + warm syrup 12","brunchItem2":"SOUTHERN EGGS BENEDICT","brunchDesc2":"buttermilk biscuits + hickory ham + poached eggs + hollandaise served with home fries + fresh fruit 12","brunchItem3":"SEAFOOD BENEDICT","brunchDesc3":"buttermilk biscuits + signature crab cake + poached eggs + hollandaise served with home fries + fresh fruit 14"}}}}