{"data":{"wpPage":{"id":"cG9zdDo4","menuSoups":{"soupItem1":"French Onion","soupItem2":"Chef Special - Soup of the Day"},"menuSalads":{"saladItem1":"Classic Caesar Salad","saladItem1Desc":"with parmesan tuile","saladItem2":"House Salad","saladItem2Desc":"cucumber, Roma tomatoes, red onions, shredded cheese blend, sourdough croutons over mixed greens with roasted tomato vinaigrette","saladItem3":"Third Avenue Salad","saladItem3Desc":"spring mix, crisp sliced apples, walnuts, fresh grapes gorgonzola cheese served with house champagne vinaigrette","saladItem4":"Wedge Salad","saladItem4Desc":"bleu cheese crumbles, bacon, Roma tomatoes with bleu cheese dressing"}}}}