{"data":{"wpPage":{"id":"cG9zdDo4","menuSoups":{"soupItem1":"French Onion","soupItem2":"Chef Special - Soup of the Day"},"menuSalads":{"saladItem1":"Classic Caesar Salad","saladItem1Desc":"with parmesan twill","saladItem2":"House Salad","saladItem2Desc":"cucumber, Roma tomatoes, red onions, shredded cheese blend, sourdough croutons over mixed greens with roasted tomato vinaigrette","saladItem3":"Third Avenue Salad","saladItem3Desc":"spring mix, crisp sliced apples, toasted pecans,  gorgonzola cheese served with house champagne vinaigrette","saladItem4":"Caprese Salad","saladItem4Desc":"ripe tomatoes, fresh mozzarella, basil leaves with balsamic glaze"}}}}