{"data":{"wpPage":{"menuBrunch":{"brunchItem1test":"Chicken & Waffles","brunchDesc1":"buttermilk & herb southern fried chicken breast + Belgian waffle served with butter + warm syrup 12","brunchItem2":"Southern Eggs Benedict","brunchDesc2":"buttermilk biscuits + hickory ham + poached eggs + hollandaise served with home fries + fresh fruit 12","brunchItem3":"Seafood Benedict","brunchDesc3":"buttermilk biscuits + signature crab cake + poached eggs + hollandaise served with home fries + fresh fruit 14","brunchItem4":"Cinnamon French Toast","brunchDesc4":"served with fresh berry compote + powdered sugar + house whipped cream + your choice of sausage or bacon 10","brunchItem5":"Filet Beef Hash","brunchDesc5":"filet tips + home fries + bell peppers + caramelized onions + tomatoes + two eggs your way served with toast 16","brunchItem6":"The Grill's Steak & Eggs","brunchDesc6":"8oz grilled prime rib + two eggs your way + home fries + fresh fruit + toast or biscuit 16","brunchItem7":"Grill on Third Omelette","brunchDesc7":"three eggs + your choice of 3 add-in ingredients + Boursin cream cheese served with home fries + fresh fruit + toast 12","brunchItem8":"Monte Cristo Sandwhich","brunchDesc8":"ham + turkey + white cheddar + swiss + sweet cake batter + raspberry sauce + powdered sugar + fresh fruit 12","brunchItem9":"Buttermilk Biscuits & Gravy","brunchDesc9":"buttermilk biscuits + country sausage gravy served with fresh fruit 8"}}}}