{"data":{"wpPage":{"menuApp":{"item1":"Jumbo Poached Shrimp Cocktail","item1Desc":"with horseradish lemon cocktail sauce","item2":"Cremini-Boursin Cheese Stuffed Mushrooms","item2Desc":"basted in herb-garlic butter","item3":"Stone Ground Mustard & Rosemary Encrusted Prime Rib Slider","item3Desc":"with a Merlot demi-glaze ","item4":"Hand-Cut Truffle Fries","item4Desc":"with shaved parmesan served with lemon-herb aioli","item5":"Baby Spinach Artichoke Heart Dip","item5Desc":"accompanied by warm, crisp tortilla chips","item6":"Pan Seared Jumbo Sea Scallops","item6Desc":"with roasted red pepper coulis","item7":"Margherita Flatbread","item7Desc":"regular or cauliflower crust with pesto, shaved garlic, olive oil, roma tomatoes, fresh mozzarella and shaved basil"}}}}