{"data":{"wpPage":{"id":"cG9zdDo4","menuSides":{"side1":"Sauteed Asparagus","side1Desc":"with lemon butter","side2":"Brussel Sprouts ","side2Desc":"with bacon carman balsamic reduction","side3":"Whipped Potatoes ","side3Desc":"with truffle oil & shaved parmesan","side4":"Stuffed Cremini Mushrooms","side4Desc":"with garlic wine butter","side5":"Heirloom Baby Carrots","side5Desc":"with orange zest reduction ","side6":"Fresh Herb Creamy Risotto","side6Desc":" with shaved parmesan","side7":"Hand Cut Fries"}}}}