{"polyfill":["/polyfill-a8e3b16c1bddf62e8df8.js"],"app":["/app-11fe749818ec4a11476a.js"],"gatsby-plugin-image":["/gatsby-plugin-image-05cc755f37b8d4cded47.js"],"component---src-pages-404-js":["/component---src-pages-404-js-ed7d892af9756dea5f86.js"],"component---src-pages-components-map-section-js":["/component---src-pages-components-map-section-js-4a7289badb31cf73a246.js"],"component---src-pages-components-menu-js":[],"component---src-pages-components-menu-sections-menu-appetizers-js":["/component---src-pages-components-menu-sections-menu-appetizers-js-a2a51c2b4c7d14321e40.js"],"component---src-pages-components-menu-sections-menu-brunch-js":["/component---src-pages-components-menu-sections-menu-brunch-js-9066562ad1c1ab77d9c1.js"],"component---src-pages-components-menu-sections-menu-desserts-js":["/component---src-pages-components-menu-sections-menu-desserts-js-cdb74490fec9d5add553.js"],"component---src-pages-components-menu-sections-menu-entrees-js":["/component---src-pages-components-menu-sections-menu-entrees-js-222349acc8e9523a2bfa.js"],"component---src-pages-components-menu-sections-menu-sides-js":["/component---src-pages-components-menu-sections-menu-sides-js-5165f8f26fcf471c0ef6.js"],"component---src-pages-components-menu-sections-menu-soups-js":["/component---src-pages-components-menu-sections-menu-soups-js-a2895e7f90e3618f5074.js"],"component---src-pages-components-nav-js":["/component---src-pages-components-nav-js-849f81fc5215b537e3b7.js"],"component---src-pages-home-js":["/component---src-pages-home-js-47bc18a2dc9ec4bd585e.js"],"component---src-pages-index-js":["/component---src-pages-index-js-e426844480f8546a1d2d.js"]}