{"polyfill":["/polyfill-a8e3b16c1bddf62e8df8.js"],"app":["/app-541e5dd9e289a74ae6aa.js"],"gatsby-plugin-image":["/gatsby-plugin-image-05cc755f37b8d4cded47.js"],"component---src-pages-404-js":["/component---src-pages-404-js-ed7d892af9756dea5f86.js"],"component---src-pages-components-map-section-js":["/component---src-pages-components-map-section-js-ae24359acbeefe9c2ef2.js"],"component---src-pages-components-menu-js":[],"component---src-pages-components-menu-sections-menu-appetizers-js":["/component---src-pages-components-menu-sections-menu-appetizers-js-06c4a7fb2d2b762582cd.js"],"component---src-pages-components-menu-sections-menu-desserts-js":["/component---src-pages-components-menu-sections-menu-desserts-js-cdb74490fec9d5add553.js"],"component---src-pages-components-menu-sections-menu-entrees-js":["/component---src-pages-components-menu-sections-menu-entrees-js-3458b4e2b5cf8b79bb62.js"],"component---src-pages-components-menu-sections-menu-sides-js":["/component---src-pages-components-menu-sections-menu-sides-js-48d5ac21bdaf827cfe4a.js"],"component---src-pages-components-menu-sections-menu-soups-js":["/component---src-pages-components-menu-sections-menu-soups-js-c470eb5f40b58107ddc2.js"],"component---src-pages-components-nav-js":["/component---src-pages-components-nav-js-59db886e8f929aa1220b.js"],"component---src-pages-home-js":["/component---src-pages-home-js-d3bef2bc6fc080da314d.js"],"component---src-pages-index-js":["/component---src-pages-index-js-918fe3c829f6c45e5e53.js"]}