{"polyfill":["/polyfill-a8e3b16c1bddf62e8df8.js"],"app":["/app-9108bfeae3ca5ce54169.js"],"gatsby-plugin-image":["/gatsby-plugin-image-742dfefd0e9cbcb1a30a.js"],"component---src-pages-404-js":["/component---src-pages-404-js-ed7d892af9756dea5f86.js"],"component---src-pages-components-map-section-js":["/component---src-pages-components-map-section-js-7304d7be7888f96295bf.js"],"component---src-pages-components-menu-js":["/component---src-pages-components-menu-js-18f0ebc522be257087c6.js"],"component---src-pages-components-menu-sections-menu-appetizers-js":["/component---src-pages-components-menu-sections-menu-appetizers-js-c4da2725b6cc6e2ef3a5.js"],"component---src-pages-components-menu-sections-menu-desserts-js":["/component---src-pages-components-menu-sections-menu-desserts-js-cdb74490fec9d5add553.js"],"component---src-pages-components-menu-sections-menu-entrees-js":["/component---src-pages-components-menu-sections-menu-entrees-js-672a688cb517f087549d.js"],"component---src-pages-components-menu-sections-menu-sides-js":["/component---src-pages-components-menu-sections-menu-sides-js-2143ff644ea590e8f594.js"],"component---src-pages-components-menu-sections-menu-soups-js":["/component---src-pages-components-menu-sections-menu-soups-js-20ffca9e35feca162162.js"],"component---src-pages-components-nav-js":["/component---src-pages-components-nav-js-59db886e8f929aa1220b.js"],"component---src-pages-home-js":["/component---src-pages-home-js-36d4b16fae67283feb01.js"],"component---src-pages-index-js":["/component---src-pages-index-js-d4d8cf633a5c2ffe1339.js"]}