{"name":"build-javascript","namedChunkGroups":{"polyfill":{"name":"polyfill","assets":[{"name":"webpack-runtime-d15a4622ae9731dc1df7.js","size":6030},{"name":"dc6a8720040df98778fe970bf6c000a41750d3ae-31d3ba7e993fbd0ec1fd.js","size":13475},{"name":"polyfill-a8e3b16c1bddf62e8df8.js","size":88947}],"filteredAssets":0,"assetsSize":108452,"filteredAuxiliaryAssets":3,"auxiliaryAssetsSize":313820},"app":{"name":"app","assets":[{"name":"webpack-runtime-d15a4622ae9731dc1df7.js","size":6030},{"name":"framework-36a8d88b813f9ed28a1a.js","size":205464},{"name":"dc6a8720040df98778fe970bf6c000a41750d3ae-31d3ba7e993fbd0ec1fd.js","size":13475},{"name":"app-11fe749818ec4a11476a.js","size":71995}],"filteredAssets":0,"assetsSize":296964,"filteredAuxiliaryAssets":4,"auxiliaryAssetsSize":880469},"gatsby-plugin-image":{"name":"gatsby-plugin-image","assets":[{"name":"gatsby-plugin-image-05cc755f37b8d4cded47.js","size":17777}],"filteredAssets":0,"assetsSize":17777,"filteredAuxiliaryAssets":1,"auxiliaryAssetsSize":76631},"component---src-pages-404-js":{"name":"component---src-pages-404-js","assets":[{"name":"component---src-pages-404-js-ed7d892af9756dea5f86.js","size":800}],"filteredAssets":0,"assetsSize":800,"filteredAuxiliaryAssets":1,"auxiliaryAssetsSize":1846},"component---src-pages-components-map-section-js":{"name":"component---src-pages-components-map-section-js","assets":[{"name":"component---src-pages-components-map-section-js-4a7289badb31cf73a246.js","size":2579}],"filteredAssets":0,"assetsSize":2579,"filteredAuxiliaryAssets":1,"auxiliaryAssetsSize":4132},"component---src-pages-components-menu-js":{"name":"component---src-pages-components-menu-js","assets":[{"name":"b637e9a5-0649a82c9973c76cf667.js","size":90280},{"name":"f96b66acda134349e66128799baa0c97c9b303d8-e29467941df9ad433504.js","size":125875},{"name":"a5d7d86dc542d49bb2fab1a3ff9f45ff375ffbcb-e3a1b5cbd23fe193d22c.js","size":22286}],"filteredAssets":0,"assetsSize":238441,"filteredAuxiliaryAssets":3,"auxiliaryAssetsSize":1173854},"component---src-pages-components-menu-sections-menu-appetizers-js":{"name":"component---src-pages-components-menu-sections-menu-appetizers-js","assets":[{"name":"f96b66acda134349e66128799baa0c97c9b303d8-e29467941df9ad433504.js","size":125875},{"name":"component---src-pages-components-menu-sections-menu-appetizers-js-a2a51c2b4c7d14321e40.js","size":712}],"filteredAssets":0,"assetsSize":126587,"filteredAuxiliaryAssets":2,"auxiliaryAssetsSize":636201},"component---src-pages-components-menu-sections-menu-brunch-js":{"name":"component---src-pages-components-menu-sections-menu-brunch-js","assets":[{"name":"f96b66acda134349e66128799baa0c97c9b303d8-e29467941df9ad433504.js","size":125875},{"name":"component---src-pages-components-menu-sections-menu-brunch-js-9066562ad1c1ab77d9c1.js","size":3285}],"filteredAssets":0,"assetsSize":129160,"filteredAuxiliaryAssets":2,"auxiliaryAssetsSize":640521},"component---src-pages-components-menu-sections-menu-desserts-js":{"name":"component---src-pages-components-menu-sections-menu-desserts-js","assets":[{"name":"f96b66acda134349e66128799baa0c97c9b303d8-e29467941df9ad433504.js","size":125875},{"name":"component---src-pages-components-menu-sections-menu-desserts-js-cdb74490fec9d5add553.js","size":877}],"filteredAssets":0,"assetsSize":126752,"filteredAuxiliaryAssets":2,"auxiliaryAssetsSize":636456},"component---src-pages-components-menu-sections-menu-entrees-js":{"name":"component---src-pages-components-menu-sections-menu-entrees-js","assets":[{"name":"f96b66acda134349e66128799baa0c97c9b303d8-e29467941df9ad433504.js","size":125875},{"name":"component---src-pages-components-menu-sections-menu-entrees-js-222349acc8e9523a2bfa.js","size":1736}],"filteredAssets":0,"assetsSize":127611,"filteredAuxiliaryAssets":2,"auxiliaryAssetsSize":638570},"component---src-pages-components-menu-sections-menu-sides-js":{"name":"component---src-pages-components-menu-sections-menu-sides-js","assets":[{"name":"f96b66acda134349e66128799baa0c97c9b303d8-e29467941df9ad433504.js","size":125875},{"name":"component---src-pages-components-menu-sections-menu-sides-js-5165f8f26fcf471c0ef6.js","size":849}],"filteredAssets":0,"assetsSize":126724,"filteredAuxiliaryAssets":2,"auxiliaryAssetsSize":636592},"component---src-pages-components-menu-sections-menu-soups-js":{"name":"component---src-pages-components-menu-sections-menu-soups-js","assets":[{"name":"f96b66acda134349e66128799baa0c97c9b303d8-e29467941df9ad433504.js","size":125875},{"name":"component---src-pages-components-menu-sections-menu-soups-js-a2895e7f90e3618f5074.js","size":1474}],"filteredAssets":0,"assetsSize":127349,"filteredAuxiliaryAssets":2,"auxiliaryAssetsSize":637262},"component---src-pages-components-nav-js":{"name":"component---src-pages-components-nav-js","assets":[{"name":"f96b66acda134349e66128799baa0c97c9b303d8-e29467941df9ad433504.js","size":125875},{"name":"component---src-pages-components-nav-js-849f81fc5215b537e3b7.js","size":1955}],"filteredAssets":0,"assetsSize":127830,"filteredAuxiliaryAssets":2,"auxiliaryAssetsSize":637999},"component---src-pages-home-js":{"name":"component---src-pages-home-js","assets":[{"name":"b637e9a5-0649a82c9973c76cf667.js","size":90280},{"name":"f96b66acda134349e66128799baa0c97c9b303d8-e29467941df9ad433504.js","size":125875},{"name":"a5d7d86dc542d49bb2fab1a3ff9f45ff375ffbcb-e3a1b5cbd23fe193d22c.js","size":22286},{"name":"component---src-pages-home-js-47bc18a2dc9ec4bd585e.js","size":5263}],"filteredAssets":0,"assetsSize":243704,"filteredAuxiliaryAssets":4,"auxiliaryAssetsSize":1184492},"component---src-pages-index-js":{"name":"component---src-pages-index-js","assets":[{"name":"styles.34b6e132504e0874b564.css","size":6316},{"name":"b637e9a5-0649a82c9973c76cf667.js","size":90280},{"name":"f96b66acda134349e66128799baa0c97c9b303d8-e29467941df9ad433504.js","size":125875},{"name":"a5d7d86dc542d49bb2fab1a3ff9f45ff375ffbcb-e3a1b5cbd23fe193d22c.js","size":22286},{"name":"component---src-pages-index-js-e426844480f8546a1d2d.js","size":5517}],"filteredAssets":0,"assetsSize":250274,"filteredAuxiliaryAssets":4,"auxiliaryAssetsSize":1184905}},"assetsByChunkName":{"polyfill":["webpack-runtime-d15a4622ae9731dc1df7.js","dc6a8720040df98778fe970bf6c000a41750d3ae-31d3ba7e993fbd0ec1fd.js","polyfill-a8e3b16c1bddf62e8df8.js"],"app":["webpack-runtime-d15a4622ae9731dc1df7.js","framework-36a8d88b813f9ed28a1a.js","dc6a8720040df98778fe970bf6c000a41750d3ae-31d3ba7e993fbd0ec1fd.js","app-11fe749818ec4a11476a.js"],"gatsby-plugin-image":["gatsby-plugin-image-05cc755f37b8d4cded47.js"],"component---src-pages-404-js":["component---src-pages-404-js-ed7d892af9756dea5f86.js"],"component---src-pages-components-map-section-js":["component---src-pages-components-map-section-js-4a7289badb31cf73a246.js"],"component---src-pages-components-menu-js":["b637e9a5-0649a82c9973c76cf667.js","f96b66acda134349e66128799baa0c97c9b303d8-e29467941df9ad433504.js","a5d7d86dc542d49bb2fab1a3ff9f45ff375ffbcb-e3a1b5cbd23fe193d22c.js"],"component---src-pages-components-menu-sections-menu-appetizers-js":["f96b66acda134349e66128799baa0c97c9b303d8-e29467941df9ad433504.js","component---src-pages-components-menu-sections-menu-appetizers-js-a2a51c2b4c7d14321e40.js"],"component---src-pages-components-menu-sections-menu-brunch-js":["f96b66acda134349e66128799baa0c97c9b303d8-e29467941df9ad433504.js","component---src-pages-components-menu-sections-menu-brunch-js-9066562ad1c1ab77d9c1.js"],"component---src-pages-components-menu-sections-menu-desserts-js":["f96b66acda134349e66128799baa0c97c9b303d8-e29467941df9ad433504.js","component---src-pages-components-menu-sections-menu-desserts-js-cdb74490fec9d5add553.js"],"component---src-pages-components-menu-sections-menu-entrees-js":["f96b66acda134349e66128799baa0c97c9b303d8-e29467941df9ad433504.js","component---src-pages-components-menu-sections-menu-entrees-js-222349acc8e9523a2bfa.js"],"component---src-pages-components-menu-sections-menu-sides-js":["f96b66acda134349e66128799baa0c97c9b303d8-e29467941df9ad433504.js","component---src-pages-components-menu-sections-menu-sides-js-5165f8f26fcf471c0ef6.js"],"component---src-pages-components-menu-sections-menu-soups-js":["f96b66acda134349e66128799baa0c97c9b303d8-e29467941df9ad433504.js","component---src-pages-components-menu-sections-menu-soups-js-a2895e7f90e3618f5074.js"],"component---src-pages-components-nav-js":["f96b66acda134349e66128799baa0c97c9b303d8-e29467941df9ad433504.js","component---src-pages-components-nav-js-849f81fc5215b537e3b7.js"],"component---src-pages-home-js":["b637e9a5-0649a82c9973c76cf667.js","f96b66acda134349e66128799baa0c97c9b303d8-e29467941df9ad433504.js","a5d7d86dc542d49bb2fab1a3ff9f45ff375ffbcb-e3a1b5cbd23fe193d22c.js","component---src-pages-home-js-47bc18a2dc9ec4bd585e.js"],"component---src-pages-index-js":["styles.34b6e132504e0874b564.css","b637e9a5-0649a82c9973c76cf667.js","f96b66acda134349e66128799baa0c97c9b303d8-e29467941df9ad433504.js","a5d7d86dc542d49bb2fab1a3ff9f45ff375ffbcb-e3a1b5cbd23fe193d22c.js","component---src-pages-index-js-e426844480f8546a1d2d.js"]},"childAssetsByChunkName":{}}