{"name":"build-javascript","namedChunkGroups":{"polyfill":{"name":"polyfill","assets":[{"name":"webpack-runtime-8358c18fa13c670f1c08.js","size":5935},{"name":"dc6a8720040df98778fe970bf6c000a41750d3ae-31d3ba7e993fbd0ec1fd.js","size":13475},{"name":"polyfill-a8e3b16c1bddf62e8df8.js","size":88947}],"filteredAssets":0,"assetsSize":108357,"filteredAuxiliaryAssets":3,"auxiliaryAssetsSize":313689},"app":{"name":"app","assets":[{"name":"webpack-runtime-8358c18fa13c670f1c08.js","size":5935},{"name":"framework-36a8d88b813f9ed28a1a.js","size":205464},{"name":"dc6a8720040df98778fe970bf6c000a41750d3ae-31d3ba7e993fbd0ec1fd.js","size":13475},{"name":"app-541e5dd9e289a74ae6aa.js","size":71858}],"filteredAssets":0,"assetsSize":296732,"filteredAuxiliaryAssets":4,"auxiliaryAssetsSize":880074},"gatsby-plugin-image":{"name":"gatsby-plugin-image","assets":[{"name":"gatsby-plugin-image-05cc755f37b8d4cded47.js","size":17777}],"filteredAssets":0,"assetsSize":17777,"filteredAuxiliaryAssets":1,"auxiliaryAssetsSize":76631},"component---src-pages-404-js":{"name":"component---src-pages-404-js","assets":[{"name":"component---src-pages-404-js-ed7d892af9756dea5f86.js","size":800}],"filteredAssets":0,"assetsSize":800,"filteredAuxiliaryAssets":1,"auxiliaryAssetsSize":1846},"component---src-pages-components-map-section-js":{"name":"component---src-pages-components-map-section-js","assets":[{"name":"component---src-pages-components-map-section-js-ae24359acbeefe9c2ef2.js","size":1758}],"filteredAssets":0,"assetsSize":1758,"filteredAuxiliaryAssets":1,"auxiliaryAssetsSize":3059},"component---src-pages-components-menu-js":{"name":"component---src-pages-components-menu-js","assets":[{"name":"b637e9a5-0649a82c9973c76cf667.js","size":90280},{"name":"b61dfd87fd16f69f915c56d6b63112c87be6a08e-dfa62be4fb810423114d.js","size":125875},{"name":"a5d7d86dc542d49bb2fab1a3ff9f45ff375ffbcb-1ad9d22ff26534d9a5d9.js","size":17878}],"filteredAssets":0,"assetsSize":234033,"filteredAuxiliaryAssets":4,"auxiliaryAssetsSize":7549805},"component---src-pages-components-menu-sections-menu-appetizers-js":{"name":"component---src-pages-components-menu-sections-menu-appetizers-js","assets":[{"name":"b61dfd87fd16f69f915c56d6b63112c87be6a08e-dfa62be4fb810423114d.js","size":125875},{"name":"component---src-pages-components-menu-sections-menu-appetizers-js-06c4a7fb2d2b762582cd.js","size":712}],"filteredAssets":0,"assetsSize":126587,"filteredAuxiliaryAssets":2,"auxiliaryAssetsSize":635689},"component---src-pages-components-menu-sections-menu-desserts-js":{"name":"component---src-pages-components-menu-sections-menu-desserts-js","assets":[{"name":"b61dfd87fd16f69f915c56d6b63112c87be6a08e-dfa62be4fb810423114d.js","size":125875},{"name":"component---src-pages-components-menu-sections-menu-desserts-js-cdb74490fec9d5add553.js","size":877}],"filteredAssets":0,"assetsSize":126752,"filteredAuxiliaryAssets":2,"auxiliaryAssetsSize":635988},"component---src-pages-components-menu-sections-menu-entrees-js":{"name":"component---src-pages-components-menu-sections-menu-entrees-js","assets":[{"name":"b61dfd87fd16f69f915c56d6b63112c87be6a08e-dfa62be4fb810423114d.js","size":125875},{"name":"component---src-pages-components-menu-sections-menu-entrees-js-3458b4e2b5cf8b79bb62.js","size":1126}],"filteredAssets":0,"assetsSize":127001,"filteredAuxiliaryAssets":2,"auxiliaryAssetsSize":636871},"component---src-pages-components-menu-sections-menu-sides-js":{"name":"component---src-pages-components-menu-sections-menu-sides-js","assets":[{"name":"b61dfd87fd16f69f915c56d6b63112c87be6a08e-dfa62be4fb810423114d.js","size":125875},{"name":"component---src-pages-components-menu-sections-menu-sides-js-48d5ac21bdaf827cfe4a.js","size":710}],"filteredAssets":0,"assetsSize":126585,"filteredAuxiliaryAssets":2,"auxiliaryAssetsSize":635824},"component---src-pages-components-menu-sections-menu-soups-js":{"name":"component---src-pages-components-menu-sections-menu-soups-js","assets":[{"name":"b61dfd87fd16f69f915c56d6b63112c87be6a08e-dfa62be4fb810423114d.js","size":125875},{"name":"component---src-pages-components-menu-sections-menu-soups-js-c470eb5f40b58107ddc2.js","size":1257}],"filteredAssets":0,"assetsSize":127132,"filteredAuxiliaryAssets":2,"auxiliaryAssetsSize":636490},"component---src-pages-components-nav-js":{"name":"component---src-pages-components-nav-js","assets":[{"name":"b61dfd87fd16f69f915c56d6b63112c87be6a08e-dfa62be4fb810423114d.js","size":125875},{"name":"component---src-pages-components-nav-js-59db886e8f929aa1220b.js","size":1338}],"filteredAssets":0,"assetsSize":127213,"filteredAuxiliaryAssets":2,"auxiliaryAssetsSize":636563},"component---src-pages-home-js":{"name":"component---src-pages-home-js","assets":[{"name":"b637e9a5-0649a82c9973c76cf667.js","size":90280},{"name":"b61dfd87fd16f69f915c56d6b63112c87be6a08e-dfa62be4fb810423114d.js","size":125875},{"name":"a5d7d86dc542d49bb2fab1a3ff9f45ff375ffbcb-1ad9d22ff26534d9a5d9.js","size":17878},{"name":"component---src-pages-home-js-d3bef2bc6fc080da314d.js","size":3833}],"filteredAssets":0,"assetsSize":237866,"filteredAuxiliaryAssets":5,"auxiliaryAssetsSize":7558466},"component---src-pages-index-js":{"name":"component---src-pages-index-js","assets":[{"name":"styles.af9864de24f5e7a03978.css","size":5625},{"name":"b637e9a5-0649a82c9973c76cf667.js","size":90280},{"name":"b61dfd87fd16f69f915c56d6b63112c87be6a08e-dfa62be4fb810423114d.js","size":125875},{"name":"a5d7d86dc542d49bb2fab1a3ff9f45ff375ffbcb-1ad9d22ff26534d9a5d9.js","size":17878},{"name":"component---src-pages-index-js-918fe3c829f6c45e5e53.js","size":4087}],"filteredAssets":0,"assetsSize":243745,"filteredAuxiliaryAssets":5,"auxiliaryAssetsSize":7558879}},"assetsByChunkName":{"polyfill":["webpack-runtime-8358c18fa13c670f1c08.js","dc6a8720040df98778fe970bf6c000a41750d3ae-31d3ba7e993fbd0ec1fd.js","polyfill-a8e3b16c1bddf62e8df8.js"],"app":["webpack-runtime-8358c18fa13c670f1c08.js","framework-36a8d88b813f9ed28a1a.js","dc6a8720040df98778fe970bf6c000a41750d3ae-31d3ba7e993fbd0ec1fd.js","app-541e5dd9e289a74ae6aa.js"],"gatsby-plugin-image":["gatsby-plugin-image-05cc755f37b8d4cded47.js"],"component---src-pages-404-js":["component---src-pages-404-js-ed7d892af9756dea5f86.js"],"component---src-pages-components-map-section-js":["component---src-pages-components-map-section-js-ae24359acbeefe9c2ef2.js"],"component---src-pages-components-menu-js":["b637e9a5-0649a82c9973c76cf667.js","b61dfd87fd16f69f915c56d6b63112c87be6a08e-dfa62be4fb810423114d.js","a5d7d86dc542d49bb2fab1a3ff9f45ff375ffbcb-1ad9d22ff26534d9a5d9.js"],"component---src-pages-components-menu-sections-menu-appetizers-js":["b61dfd87fd16f69f915c56d6b63112c87be6a08e-dfa62be4fb810423114d.js","component---src-pages-components-menu-sections-menu-appetizers-js-06c4a7fb2d2b762582cd.js"],"component---src-pages-components-menu-sections-menu-desserts-js":["b61dfd87fd16f69f915c56d6b63112c87be6a08e-dfa62be4fb810423114d.js","component---src-pages-components-menu-sections-menu-desserts-js-cdb74490fec9d5add553.js"],"component---src-pages-components-menu-sections-menu-entrees-js":["b61dfd87fd16f69f915c56d6b63112c87be6a08e-dfa62be4fb810423114d.js","component---src-pages-components-menu-sections-menu-entrees-js-3458b4e2b5cf8b79bb62.js"],"component---src-pages-components-menu-sections-menu-sides-js":["b61dfd87fd16f69f915c56d6b63112c87be6a08e-dfa62be4fb810423114d.js","component---src-pages-components-menu-sections-menu-sides-js-48d5ac21bdaf827cfe4a.js"],"component---src-pages-components-menu-sections-menu-soups-js":["b61dfd87fd16f69f915c56d6b63112c87be6a08e-dfa62be4fb810423114d.js","component---src-pages-components-menu-sections-menu-soups-js-c470eb5f40b58107ddc2.js"],"component---src-pages-components-nav-js":["b61dfd87fd16f69f915c56d6b63112c87be6a08e-dfa62be4fb810423114d.js","component---src-pages-components-nav-js-59db886e8f929aa1220b.js"],"component---src-pages-home-js":["b637e9a5-0649a82c9973c76cf667.js","b61dfd87fd16f69f915c56d6b63112c87be6a08e-dfa62be4fb810423114d.js","a5d7d86dc542d49bb2fab1a3ff9f45ff375ffbcb-1ad9d22ff26534d9a5d9.js","component---src-pages-home-js-d3bef2bc6fc080da314d.js"],"component---src-pages-index-js":["styles.af9864de24f5e7a03978.css","b637e9a5-0649a82c9973c76cf667.js","b61dfd87fd16f69f915c56d6b63112c87be6a08e-dfa62be4fb810423114d.js","a5d7d86dc542d49bb2fab1a3ff9f45ff375ffbcb-1ad9d22ff26534d9a5d9.js","component---src-pages-index-js-918fe3c829f6c45e5e53.js"]},"childAssetsByChunkName":{}}