{"name":"build-javascript","namedChunkGroups":{"polyfill":{"name":"polyfill","assets":[{"name":"webpack-runtime-306104043cc7cd2597a6.js","size":5935},{"name":"dc6a8720040df98778fe970bf6c000a41750d3ae-31d3ba7e993fbd0ec1fd.js","size":13475},{"name":"polyfill-a8e3b16c1bddf62e8df8.js","size":88947}],"filteredAssets":0,"assetsSize":108357,"filteredAuxiliaryAssets":3,"auxiliaryAssetsSize":313689},"app":{"name":"app","assets":[{"name":"webpack-runtime-306104043cc7cd2597a6.js","size":5935},{"name":"framework-36a8d88b813f9ed28a1a.js","size":205464},{"name":"dc6a8720040df98778fe970bf6c000a41750d3ae-31d3ba7e993fbd0ec1fd.js","size":13475},{"name":"app-9108bfeae3ca5ce54169.js","size":71840}],"filteredAssets":0,"assetsSize":296714,"filteredAuxiliaryAssets":4,"auxiliaryAssetsSize":880074},"gatsby-plugin-image":{"name":"gatsby-plugin-image","assets":[{"name":"gatsby-plugin-image-742dfefd0e9cbcb1a30a.js","size":17777}],"filteredAssets":0,"assetsSize":17777,"filteredAuxiliaryAssets":1,"auxiliaryAssetsSize":76631},"component---src-pages-404-js":{"name":"component---src-pages-404-js","assets":[{"name":"component---src-pages-404-js-ed7d892af9756dea5f86.js","size":800}],"filteredAssets":0,"assetsSize":800,"filteredAuxiliaryAssets":1,"auxiliaryAssetsSize":1846},"component---src-pages-components-map-section-js":{"name":"component---src-pages-components-map-section-js","assets":[{"name":"component---src-pages-components-map-section-js-7304d7be7888f96295bf.js","size":1797}],"filteredAssets":0,"assetsSize":1797,"filteredAuxiliaryAssets":1,"auxiliaryAssetsSize":3073},"component---src-pages-components-menu-js":{"name":"component---src-pages-components-menu-js","assets":[{"name":"b637e9a5-0649a82c9973c76cf667.js","size":90280},{"name":"b61dfd87fd16f69f915c56d6b63112c87be6a08e-dfa62be4fb810423114d.js","size":125875},{"name":"component---src-pages-components-menu-js-18f0ebc522be257087c6.js","size":8016}],"filteredAssets":0,"assetsSize":224171,"filteredAuxiliaryAssets":4,"auxiliaryAssetsSize":7513185},"component---src-pages-components-menu-sections-menu-appetizers-js":{"name":"component---src-pages-components-menu-sections-menu-appetizers-js","assets":[{"name":"b61dfd87fd16f69f915c56d6b63112c87be6a08e-dfa62be4fb810423114d.js","size":125875},{"name":"component---src-pages-components-menu-sections-menu-appetizers-js-c4da2725b6cc6e2ef3a5.js","size":711}],"filteredAssets":0,"assetsSize":126586,"filteredAuxiliaryAssets":2,"auxiliaryAssetsSize":633922},"component---src-pages-components-menu-sections-menu-desserts-js":{"name":"component---src-pages-components-menu-sections-menu-desserts-js","assets":[{"name":"b61dfd87fd16f69f915c56d6b63112c87be6a08e-dfa62be4fb810423114d.js","size":125875},{"name":"component---src-pages-components-menu-sections-menu-desserts-js-cdb74490fec9d5add553.js","size":877}],"filteredAssets":0,"assetsSize":126752,"filteredAuxiliaryAssets":2,"auxiliaryAssetsSize":634350},"component---src-pages-components-menu-sections-menu-entrees-js":{"name":"component---src-pages-components-menu-sections-menu-entrees-js","assets":[{"name":"b61dfd87fd16f69f915c56d6b63112c87be6a08e-dfa62be4fb810423114d.js","size":125875},{"name":"component---src-pages-components-menu-sections-menu-entrees-js-672a688cb517f087549d.js","size":1127}],"filteredAssets":0,"assetsSize":127002,"filteredAuxiliaryAssets":2,"auxiliaryAssetsSize":635181},"component---src-pages-components-menu-sections-menu-sides-js":{"name":"component---src-pages-components-menu-sections-menu-sides-js","assets":[{"name":"b61dfd87fd16f69f915c56d6b63112c87be6a08e-dfa62be4fb810423114d.js","size":125875},{"name":"component---src-pages-components-menu-sections-menu-sides-js-2143ff644ea590e8f594.js","size":709}],"filteredAssets":0,"assetsSize":126584,"filteredAuxiliaryAssets":2,"auxiliaryAssetsSize":634007},"component---src-pages-components-menu-sections-menu-soups-js":{"name":"component---src-pages-components-menu-sections-menu-soups-js","assets":[{"name":"b61dfd87fd16f69f915c56d6b63112c87be6a08e-dfa62be4fb810423114d.js","size":125875},{"name":"component---src-pages-components-menu-sections-menu-soups-js-20ffca9e35feca162162.js","size":1103}],"filteredAssets":0,"assetsSize":126978,"filteredAuxiliaryAssets":2,"auxiliaryAssetsSize":634640},"component---src-pages-components-nav-js":{"name":"component---src-pages-components-nav-js","assets":[{"name":"b61dfd87fd16f69f915c56d6b63112c87be6a08e-dfa62be4fb810423114d.js","size":125875},{"name":"component---src-pages-components-nav-js-59db886e8f929aa1220b.js","size":1338}],"filteredAssets":0,"assetsSize":127213,"filteredAuxiliaryAssets":2,"auxiliaryAssetsSize":634925},"component---src-pages-home-js":{"name":"component---src-pages-home-js","assets":[{"name":"b637e9a5-0649a82c9973c76cf667.js","size":90280},{"name":"b61dfd87fd16f69f915c56d6b63112c87be6a08e-dfa62be4fb810423114d.js","size":125875},{"name":"component---src-pages-home-js-36d4b16fae67283feb01.js","size":11938}],"filteredAssets":0,"assetsSize":228093,"filteredAuxiliaryAssets":4,"auxiliaryAssetsSize":7521855},"component---src-pages-index-js":{"name":"component---src-pages-index-js","assets":[{"name":"styles.4ffb85b6995cfcf794b9.css","size":4179},{"name":"b637e9a5-0649a82c9973c76cf667.js","size":90280},{"name":"b61dfd87fd16f69f915c56d6b63112c87be6a08e-dfa62be4fb810423114d.js","size":125875},{"name":"component---src-pages-index-js-d4d8cf633a5c2ffe1339.js","size":12205}],"filteredAssets":0,"assetsSize":232539,"filteredAuxiliaryAssets":4,"auxiliaryAssetsSize":7522267}},"assetsByChunkName":{"polyfill":["webpack-runtime-306104043cc7cd2597a6.js","dc6a8720040df98778fe970bf6c000a41750d3ae-31d3ba7e993fbd0ec1fd.js","polyfill-a8e3b16c1bddf62e8df8.js"],"app":["webpack-runtime-306104043cc7cd2597a6.js","framework-36a8d88b813f9ed28a1a.js","dc6a8720040df98778fe970bf6c000a41750d3ae-31d3ba7e993fbd0ec1fd.js","app-9108bfeae3ca5ce54169.js"],"gatsby-plugin-image":["gatsby-plugin-image-742dfefd0e9cbcb1a30a.js"],"component---src-pages-404-js":["component---src-pages-404-js-ed7d892af9756dea5f86.js"],"component---src-pages-components-map-section-js":["component---src-pages-components-map-section-js-7304d7be7888f96295bf.js"],"component---src-pages-components-menu-js":["b637e9a5-0649a82c9973c76cf667.js","b61dfd87fd16f69f915c56d6b63112c87be6a08e-dfa62be4fb810423114d.js","component---src-pages-components-menu-js-18f0ebc522be257087c6.js"],"component---src-pages-components-menu-sections-menu-appetizers-js":["b61dfd87fd16f69f915c56d6b63112c87be6a08e-dfa62be4fb810423114d.js","component---src-pages-components-menu-sections-menu-appetizers-js-c4da2725b6cc6e2ef3a5.js"],"component---src-pages-components-menu-sections-menu-desserts-js":["b61dfd87fd16f69f915c56d6b63112c87be6a08e-dfa62be4fb810423114d.js","component---src-pages-components-menu-sections-menu-desserts-js-cdb74490fec9d5add553.js"],"component---src-pages-components-menu-sections-menu-entrees-js":["b61dfd87fd16f69f915c56d6b63112c87be6a08e-dfa62be4fb810423114d.js","component---src-pages-components-menu-sections-menu-entrees-js-672a688cb517f087549d.js"],"component---src-pages-components-menu-sections-menu-sides-js":["b61dfd87fd16f69f915c56d6b63112c87be6a08e-dfa62be4fb810423114d.js","component---src-pages-components-menu-sections-menu-sides-js-2143ff644ea590e8f594.js"],"component---src-pages-components-menu-sections-menu-soups-js":["b61dfd87fd16f69f915c56d6b63112c87be6a08e-dfa62be4fb810423114d.js","component---src-pages-components-menu-sections-menu-soups-js-20ffca9e35feca162162.js"],"component---src-pages-components-nav-js":["b61dfd87fd16f69f915c56d6b63112c87be6a08e-dfa62be4fb810423114d.js","component---src-pages-components-nav-js-59db886e8f929aa1220b.js"],"component---src-pages-home-js":["b637e9a5-0649a82c9973c76cf667.js","b61dfd87fd16f69f915c56d6b63112c87be6a08e-dfa62be4fb810423114d.js","component---src-pages-home-js-36d4b16fae67283feb01.js"],"component---src-pages-index-js":["styles.4ffb85b6995cfcf794b9.css","b637e9a5-0649a82c9973c76cf667.js","b61dfd87fd16f69f915c56d6b63112c87be6a08e-dfa62be4fb810423114d.js","component---src-pages-index-js-d4d8cf633a5c2ffe1339.js"]},"childAssetsByChunkName":{}}