{"name":"build-javascript","namedChunkGroups":{"polyfill":{"name":"polyfill","assets":[{"name":"webpack-runtime-0896e9ae8fe606501550.js","size":5935},{"name":"dc6a8720040df98778fe970bf6c000a41750d3ae-31d3ba7e993fbd0ec1fd.js","size":13475},{"name":"polyfill-a8e3b16c1bddf62e8df8.js","size":88947}],"filteredAssets":0,"assetsSize":108357,"filteredAuxiliaryAssets":3,"auxiliaryAssetsSize":313689},"app":{"name":"app","assets":[{"name":"webpack-runtime-0896e9ae8fe606501550.js","size":5935},{"name":"framework-36a8d88b813f9ed28a1a.js","size":205464},{"name":"dc6a8720040df98778fe970bf6c000a41750d3ae-31d3ba7e993fbd0ec1fd.js","size":13475},{"name":"app-541e5dd9e289a74ae6aa.js","size":71858}],"filteredAssets":0,"assetsSize":296732,"filteredAuxiliaryAssets":4,"auxiliaryAssetsSize":880074},"gatsby-plugin-image":{"name":"gatsby-plugin-image","assets":[{"name":"gatsby-plugin-image-05cc755f37b8d4cded47.js","size":17777}],"filteredAssets":0,"assetsSize":17777,"filteredAuxiliaryAssets":1,"auxiliaryAssetsSize":76631},"component---src-pages-404-js":{"name":"component---src-pages-404-js","assets":[{"name":"component---src-pages-404-js-ed7d892af9756dea5f86.js","size":800}],"filteredAssets":0,"assetsSize":800,"filteredAuxiliaryAssets":1,"auxiliaryAssetsSize":1846},"component---src-pages-components-map-section-js":{"name":"component---src-pages-components-map-section-js","assets":[{"name":"component---src-pages-components-map-section-js-62b268e7bba663852645.js","size":2573}],"filteredAssets":0,"assetsSize":2573,"filteredAuxiliaryAssets":1,"auxiliaryAssetsSize":4126},"component---src-pages-components-menu-js":{"name":"component---src-pages-components-menu-js","assets":[{"name":"b637e9a5-0649a82c9973c76cf667.js","size":90280},{"name":"b61dfd87fd16f69f915c56d6b63112c87be6a08e-dfa62be4fb810423114d.js","size":125875},{"name":"a5d7d86dc542d49bb2fab1a3ff9f45ff375ffbcb-ce443eb52a3e5fa44b9b.js","size":18594}],"filteredAssets":0,"assetsSize":234749,"filteredAuxiliaryAssets":3,"auxiliaryAssetsSize":1165339},"component---src-pages-components-menu-sections-menu-appetizers-js":{"name":"component---src-pages-components-menu-sections-menu-appetizers-js","assets":[{"name":"b61dfd87fd16f69f915c56d6b63112c87be6a08e-dfa62be4fb810423114d.js","size":125875},{"name":"component---src-pages-components-menu-sections-menu-appetizers-js-a2a51c2b4c7d14321e40.js","size":712}],"filteredAssets":0,"assetsSize":126587,"filteredAuxiliaryAssets":2,"auxiliaryAssetsSize":635733},"component---src-pages-components-menu-sections-menu-desserts-js":{"name":"component---src-pages-components-menu-sections-menu-desserts-js","assets":[{"name":"b61dfd87fd16f69f915c56d6b63112c87be6a08e-dfa62be4fb810423114d.js","size":125875},{"name":"component---src-pages-components-menu-sections-menu-desserts-js-cdb74490fec9d5add553.js","size":877}],"filteredAssets":0,"assetsSize":126752,"filteredAuxiliaryAssets":2,"auxiliaryAssetsSize":635988},"component---src-pages-components-menu-sections-menu-entrees-js":{"name":"component---src-pages-components-menu-sections-menu-entrees-js","assets":[{"name":"b61dfd87fd16f69f915c56d6b63112c87be6a08e-dfa62be4fb810423114d.js","size":125875},{"name":"component---src-pages-components-menu-sections-menu-entrees-js-3a7acb005f33ac24fbd6.js","size":1535}],"filteredAssets":0,"assetsSize":127410,"filteredAuxiliaryAssets":2,"auxiliaryAssetsSize":637533},"component---src-pages-components-menu-sections-menu-sides-js":{"name":"component---src-pages-components-menu-sections-menu-sides-js","assets":[{"name":"b61dfd87fd16f69f915c56d6b63112c87be6a08e-dfa62be4fb810423114d.js","size":125875},{"name":"component---src-pages-components-menu-sections-menu-sides-js-78511bc73a04a5d68261.js","size":849}],"filteredAssets":0,"assetsSize":126724,"filteredAuxiliaryAssets":2,"auxiliaryAssetsSize":636020},"component---src-pages-components-menu-sections-menu-soups-js":{"name":"component---src-pages-components-menu-sections-menu-soups-js","assets":[{"name":"b61dfd87fd16f69f915c56d6b63112c87be6a08e-dfa62be4fb810423114d.js","size":125875},{"name":"component---src-pages-components-menu-sections-menu-soups-js-a2895e7f90e3618f5074.js","size":1474}],"filteredAssets":0,"assetsSize":127349,"filteredAuxiliaryAssets":2,"auxiliaryAssetsSize":636794},"component---src-pages-components-nav-js":{"name":"component---src-pages-components-nav-js","assets":[{"name":"b61dfd87fd16f69f915c56d6b63112c87be6a08e-dfa62be4fb810423114d.js","size":125875},{"name":"component---src-pages-components-nav-js-9e9a433d0c0dc4775456.js","size":1957}],"filteredAssets":0,"assetsSize":127832,"filteredAuxiliaryAssets":2,"auxiliaryAssetsSize":637539},"component---src-pages-home-js":{"name":"component---src-pages-home-js","assets":[{"name":"b637e9a5-0649a82c9973c76cf667.js","size":90280},{"name":"b61dfd87fd16f69f915c56d6b63112c87be6a08e-dfa62be4fb810423114d.js","size":125875},{"name":"a5d7d86dc542d49bb2fab1a3ff9f45ff375ffbcb-ce443eb52a3e5fa44b9b.js","size":18594},{"name":"component---src-pages-home-js-9aa3265dc210729ec2f5.js","size":5259}],"filteredAssets":0,"assetsSize":240008,"filteredAuxiliaryAssets":4,"auxiliaryAssetsSize":1175977},"component---src-pages-index-js":{"name":"component---src-pages-index-js","assets":[{"name":"styles.986451d7fed8225fb27a.css","size":6012},{"name":"b637e9a5-0649a82c9973c76cf667.js","size":90280},{"name":"b61dfd87fd16f69f915c56d6b63112c87be6a08e-dfa62be4fb810423114d.js","size":125875},{"name":"a5d7d86dc542d49bb2fab1a3ff9f45ff375ffbcb-ce443eb52a3e5fa44b9b.js","size":18594},{"name":"component---src-pages-index-js-029c19bb91561dd52d1e.js","size":5513}],"filteredAssets":0,"assetsSize":246274,"filteredAuxiliaryAssets":4,"auxiliaryAssetsSize":1176390}},"assetsByChunkName":{"polyfill":["webpack-runtime-0896e9ae8fe606501550.js","dc6a8720040df98778fe970bf6c000a41750d3ae-31d3ba7e993fbd0ec1fd.js","polyfill-a8e3b16c1bddf62e8df8.js"],"app":["webpack-runtime-0896e9ae8fe606501550.js","framework-36a8d88b813f9ed28a1a.js","dc6a8720040df98778fe970bf6c000a41750d3ae-31d3ba7e993fbd0ec1fd.js","app-541e5dd9e289a74ae6aa.js"],"gatsby-plugin-image":["gatsby-plugin-image-05cc755f37b8d4cded47.js"],"component---src-pages-404-js":["component---src-pages-404-js-ed7d892af9756dea5f86.js"],"component---src-pages-components-map-section-js":["component---src-pages-components-map-section-js-62b268e7bba663852645.js"],"component---src-pages-components-menu-js":["b637e9a5-0649a82c9973c76cf667.js","b61dfd87fd16f69f915c56d6b63112c87be6a08e-dfa62be4fb810423114d.js","a5d7d86dc542d49bb2fab1a3ff9f45ff375ffbcb-ce443eb52a3e5fa44b9b.js"],"component---src-pages-components-menu-sections-menu-appetizers-js":["b61dfd87fd16f69f915c56d6b63112c87be6a08e-dfa62be4fb810423114d.js","component---src-pages-components-menu-sections-menu-appetizers-js-a2a51c2b4c7d14321e40.js"],"component---src-pages-components-menu-sections-menu-desserts-js":["b61dfd87fd16f69f915c56d6b63112c87be6a08e-dfa62be4fb810423114d.js","component---src-pages-components-menu-sections-menu-desserts-js-cdb74490fec9d5add553.js"],"component---src-pages-components-menu-sections-menu-entrees-js":["b61dfd87fd16f69f915c56d6b63112c87be6a08e-dfa62be4fb810423114d.js","component---src-pages-components-menu-sections-menu-entrees-js-3a7acb005f33ac24fbd6.js"],"component---src-pages-components-menu-sections-menu-sides-js":["b61dfd87fd16f69f915c56d6b63112c87be6a08e-dfa62be4fb810423114d.js","component---src-pages-components-menu-sections-menu-sides-js-78511bc73a04a5d68261.js"],"component---src-pages-components-menu-sections-menu-soups-js":["b61dfd87fd16f69f915c56d6b63112c87be6a08e-dfa62be4fb810423114d.js","component---src-pages-components-menu-sections-menu-soups-js-a2895e7f90e3618f5074.js"],"component---src-pages-components-nav-js":["b61dfd87fd16f69f915c56d6b63112c87be6a08e-dfa62be4fb810423114d.js","component---src-pages-components-nav-js-9e9a433d0c0dc4775456.js"],"component---src-pages-home-js":["b637e9a5-0649a82c9973c76cf667.js","b61dfd87fd16f69f915c56d6b63112c87be6a08e-dfa62be4fb810423114d.js","a5d7d86dc542d49bb2fab1a3ff9f45ff375ffbcb-ce443eb52a3e5fa44b9b.js","component---src-pages-home-js-9aa3265dc210729ec2f5.js"],"component---src-pages-index-js":["styles.986451d7fed8225fb27a.css","b637e9a5-0649a82c9973c76cf667.js","b61dfd87fd16f69f915c56d6b63112c87be6a08e-dfa62be4fb810423114d.js","a5d7d86dc542d49bb2fab1a3ff9f45ff375ffbcb-ce443eb52a3e5fa44b9b.js","component---src-pages-index-js-029c19bb91561dd52d1e.js"]},"childAssetsByChunkName":{}}