{"polyfill":["/polyfill-a8e3b16c1bddf62e8df8.js"],"app":["/app-541e5dd9e289a74ae6aa.js"],"gatsby-plugin-image":["/gatsby-plugin-image-05cc755f37b8d4cded47.js"],"component---src-pages-404-js":["/component---src-pages-404-js-ed7d892af9756dea5f86.js"],"component---src-pages-components-map-section-js":["/component---src-pages-components-map-section-js-62b268e7bba663852645.js"],"component---src-pages-components-menu-js":[],"component---src-pages-components-menu-sections-menu-appetizers-js":["/component---src-pages-components-menu-sections-menu-appetizers-js-a2a51c2b4c7d14321e40.js"],"component---src-pages-components-menu-sections-menu-desserts-js":["/component---src-pages-components-menu-sections-menu-desserts-js-cdb74490fec9d5add553.js"],"component---src-pages-components-menu-sections-menu-entrees-js":["/component---src-pages-components-menu-sections-menu-entrees-js-3a7acb005f33ac24fbd6.js"],"component---src-pages-components-menu-sections-menu-sides-js":["/component---src-pages-components-menu-sections-menu-sides-js-78511bc73a04a5d68261.js"],"component---src-pages-components-menu-sections-menu-soups-js":["/component---src-pages-components-menu-sections-menu-soups-js-a2895e7f90e3618f5074.js"],"component---src-pages-components-nav-js":["/component---src-pages-components-nav-js-9e9a433d0c0dc4775456.js"],"component---src-pages-home-js":["/component---src-pages-home-js-9aa3265dc210729ec2f5.js"],"component---src-pages-index-js":["/component---src-pages-index-js-029c19bb91561dd52d1e.js"]}