{"data":{"wpPage":{"id":"cG9zdDo4","menuSoups":{"soupItem1":"French Onion (8)","soupItem2":"Chef Special - Soup of the Day (8)"},"menuSalads":{"saladItem1":"Classic Caesar Salad","saladItem1Desc":"with parmesan tuile (10)","saladItem2":"House Salad","saladItem2Desc":"cucumber, Roma tomatoes, red onions, shredded cheese blend, croutons over mixed greens with choice of dressing (10)","saladItem3":null,"saladItem3Desc":null,"saladItem4":"Wedge Salad","saladItem4Desc":"bleu cheese crumbles, bacon, roma tomatoes with bleu cheese dressing and balsamic reduction (8)","saladItem5":null,"saladItem5Desc":null}}}}