{"data":{"wpPage":{"menuEntrees":{"entreeItem1":"Third Avenue Burger ","entreeItem1Desc":"Char grilled Wagyu Beef burger topped with sharp white cheddar cheese, mushroom ragu, caramelized onions, and applewood bacon served on a toasted brioche bun - served with your choice of one side (18)","entreeItem2":"Prime Rib ","entreeItem2Desc":"Stone ground mustard & rosemary encrusted slow oven roasted served with Au Jus & whipped horseradish - served with your choice of two sides (36)","entreeItem3":"Pan Seared Jumbo Sea Scallops","item3Desc":"with roasted red pepper coulis - served with your choice of two sides (36)","entreeItem4":"Ribeye","entreeItem4Desc":"16oz char-grilled angus hand cut Ribeye seasoned with smoked sea salt & cracked black pepper choice of two sides (40)","entreeItem5":"8 Ounce Filet Mignon","entreeItem5Desc":"Pan seared and butter infused, served with classic bearnaise sauce - served with your choice of two sides (45)","entreeItem6":"Seafood Ala Vodka","entreeItem6Desc":"Lump crab, tiger shrimp & jumbo sea scallops, finished with a plum tomato cream sauce with caramelized onions, shaved parmesan, and Fettuccini pasta (38)","entreeItem7":"Atlantic Salmon Filet","entreeItem7Desc":"Braised in house spices and topped with butter sauce - served with your choice of two sides (36)","entreeItem8":"Chilean Sea Bass","entreeItem8Desc":"Served on a bed of micro greens & herb vinaigrette, topped with lemon dill Beurre Blanc - served with your choice of two sides (50)","entreeItem9":"Classic Chicken Marsala ","entreeItem9Desc":"served with shitake mushrooms, shaved garlic & Marsala wine sauce - served with your choice of one side (28)","entreeItem10":null,"entreeItem10Desc":null,"entreeItem11":null,"entreeItem11Desc":null,"entreeItem12":"6oz Filet Beef Tips - served in merlot demi glace   ","entreeItem12Desc":"served with your choice of 2 sides (28)","entreeItem13":null,"entreeItem13Desc":null},"menuSteakToppers":{"steakTopper1":"Compound Herb Butter (3)","steakTopper2":"Bearnaise Sauce (3)","steakTopper3":"Oscar Style (8)","steakTopper4":"Mushroom Ragu (4)","steakTopper5":"Merlot Demi-glace (4)","steakTopper6":"Toasted Blue Cheese (3)","steakTopper7":"Grilled Tiger Shrimp (10)","steakTopper8":"Seared Sea Scallops (12)"}}}}