{"data":{"wpPage":{"menuApp":{"item1":"Panko Encrusted Norwegian Crab Cakes ","item1Desc":"with roasted red pepper tarragon cream reduction (22)","item2":"Jumbo, Poached Shrimp Cocktail","item2Desc":" with cocktail sauce (15)","item3":"Cremini-Boursin Cheese Stuffed Mushrooms","item3Desc1":"basted in herb-garlic butter & topped with toasted panko breadcrumbs (12)","item4":"Margherita Flatbread","item4Desc":"char-grilled cauliflower flatbread, plum tomato basil sauce, fresh mozzarella, tomatoes, fresh basil, shaved parmesan and pesto garnish (12)","item5":"Truffle Fries","item5Desc":"with shaved parmesan served with lemon-herb aioli (10)","item6":"Pan Seared Jumbo Sea Scallops","item6Desc":" with roasted red pepper coulis (20)","item7":"Cheese Board","item7Desc":"Assorted cheeses, fruits, nuts, and crackers (20)","item8":"Chop House Loaded Potato Rounds","item8Desc":"Deep fried potato rounds topped with Boursin cheese reduction, cheese blend, roasted garlic, topped with green onions, applewood bacon and roasted red peppers (10)","item9":"Cheese Fondue","item9Desc":"Served with assorted breads, vegetables, and chef’s choice (18)","item10":null,"item10Desc":null,"item11":null,"item11Desc":null}}}}